<?xml version="1.0"?>
<Cars xmlns:xsi="http://www.w3.org/2001/XMLSchema-instance" xmlns:xsd="http://www.w3.org/2001/XMLSchema">
  <Car Manufacturer="VtmTPdt" Model="jbqNaRAHMqVgKkcOPFel" Year="2014" Price="91235.00">
    <TransmissionType>automatic</TransmissionType>
    <Dealer Name="XnwVksNoVH">
      <Cities>
        <City>OPKZMOqK</City>
        <City>TvSjPvTF</City>
        <City>vElNRYqn</City>
        <City>iYFhupBr</City>
        <City>sgKPhxwF</City>
        <City>ntYvegwL</City>
        <City>HEqoIJPx</City>
        <City>ZXvFJkHF</City>
        <City>tVrKcniK</City>
        <City>FKFGdorx</City>
        <City>QgTHSqVe</City>
        <City>fVqilEYT</City>
        <City>mMrtfOve</City>
        <City>FAROWtYv</City>
        <City>lOzzPTbq</City>
      </Cities>
    </Dealer>
  </Car>
  <Car Manufacturer="zVKNbOL" Model="aWaewYpevvRtrWFFKQOW" Year="2014" Price="95423.00">
    <TransmissionType>automatic</TransmissionType>
    <Dealer Name="aVhMNylErc">
      <Cities>
        <City>OPKZMOqK</City>
        <City>TvSjPvTF</City>
        <City>vElNRYqn</City>
        <City>iYFhupBr</City>
        <City>sgKPhxwF</City>
        <City>ntYvegwL</City>
        <City>HEqoIJPx</City>
        <City>ZXvFJkHF</City>
        <City>tVrKcniK</City>
        <City>FKFGdorx</City>
        <City>QgTHSqVe</City>
        <City>fVqilEYT</City>
        <City>mMrtfOve</City>
        <City>FAROWtYv</City>
        <City>lOzzPTbq</City>
      </Cities>
    </Dealer>
  </Car>
  <Car Manufacturer="VtmTPdt" Model="TlXeaqFrhXyZaHHaItdd" Year="2014" Price="90088.00">
    <TransmissionType>manual</TransmissionType>
    <Dealer Name="qzegElxbOE">
      <Cities>
        <City>OPKZMOqK</City>
        <City>TvSjPvTF</City>
        <City>vElNRYqn</City>
        <City>iYFhupBr</City>
        <City>sgKPhxwF</City>
        <City>ntYvegwL</City>
        <City>HEqoIJPx</City>
        <City>ZXvFJkHF</City>
        <City>tVrKcniK</City>
        <City>FKFGdorx</City>
        <City>QgTHSqVe</City>
        <City>fVqilEYT</City>
        <City>mMrtfOve</City>
        <City>FAROWtYv</City>
        <City>lOzzPTbq</City>
      </Cities>
    </Dealer>
  </Car>
  <Car Manufacturer="PMtFAEz" Model="EAGliDmevRVmbEpNmagS" Year="2014" Price="97174.00">
    <TransmissionType>manual</TransmissionType>
    <Dealer Name="iIsBbyIPWL">
      <Cities>
        <City>OPKZMOqK</City>
        <City>TvSjPvTF</City>
        <City>vElNRYqn</City>
        <City>iYFhupBr</City>
        <City>sgKPhxwF</City>
        <City>ntYvegwL</City>
        <City>HEqoIJPx</City>
        <City>ZXvFJkHF</City>
        <City>tVrKcniK</City>
        <City>FKFGdorx</City>
        <City>QgTHSqVe</City>
        <City>fVqilEYT</City>
        <City>mMrtfOve</City>
        <City>FAROWtYv</City>
        <City>lOzzPTbq</City>
      </Cities>
    </Dealer>
  </Car>
  <Car Manufacturer="CwmHFgJ" Model="XvajNASMQnVoSZroeWQL" Year="2014" Price="95336.00">
    <TransmissionType>manual</TransmissionType>
    <Dealer Name="XnwVksNoVH">
      <Cities>
        <City>OPKZMOqK</City>
        <City>TvSjPvTF</City>
        <City>vElNRYqn</City>
        <City>iYFhupBr</City>
        <City>sgKPhxwF</City>
        <City>ntYvegwL</City>
        <City>HEqoIJPx</City>
        <City>ZXvFJkHF</City>
        <City>tVrKcniK</City>
        <City>FKFGdorx</City>
        <City>QgTHSqVe</City>
        <City>fVqilEYT</City>
        <City>mMrtfOve</City>
        <City>FAROWtYv</City>
        <City>lOzzPTbq</City>
      </Cities>
    </Dealer>
  </Car>
  <Car Manufacturer="ccYKYpR" Model="OKbKtSAVRMLcZSiJDthy" Year="2014" Price="98425.00">
    <TransmissionType>automatic</TransmissionType>
    <Dealer Name="kOMOEHMjOD">
      <Cities>
        <City>OPKZMOqK</City>
        <City>TvSjPvTF</City>
        <City>vElNRYqn</City>
        <City>iYFhupBr</City>
        <City>sgKPhxwF</City>
        <City>ntYvegwL</City>
        <City>HEqoIJPx</City>
        <City>ZXvFJkHF</City>
        <City>tVrKcniK</City>
        <City>FKFGdorx</City>
        <City>QgTHSqVe</City>
        <City>fVqilEYT</City>
        <City>mMrtfOve</City>
        <City>FAROWtYv</City>
        <City>lOzzPTbq</City>
      </Cities>
    </Dealer>
  </Car>
  <Car Manufacturer="SofvzqX" Model="jMtsDzxxWwdXqzitMzmd" Year="2014" Price="93677.00">
    <TransmissionType>manual</TransmissionType>
    <Dealer Name="CBbyeIhKql">
      <Cities>
        <City>OPKZMOqK</City>
        <City>TvSjPvTF</City>
        <City>vElNRYqn</City>
        <City>iYFhupBr</City>
        <City>sgKPhxwF</City>
        <City>ntYvegwL</City>
        <City>HEqoIJPx</City>
        <City>ZXvFJkHF</City>
        <City>tVrKcniK</City>
        <City>FKFGdorx</City>
        <City>QgTHSqVe</City>
        <City>fVqilEYT</City>
        <City>mMrtfOve</City>
        <City>FAROWtYv</City>
        <City>lOzzPTbq</City>
      </Cities>
    </Dealer>
  </Car>
  <Car Manufacturer="SofvzqX" Model="IrYFxqKjdiMQOukIwUxe" Year="2014" Price="98794.00">
    <TransmissionType>manual</TransmissionType>
    <Dealer Name="sXGaacxxJP">
      <Cities>
        <City>OPKZMOqK</City>
        <City>TvSjPvTF</City>
        <City>vElNRYqn</City>
        <City>iYFhupBr</City>
        <City>sgKPhxwF</City>
        <City>ntYvegwL</City>
        <City>HEqoIJPx</City>
        <City>ZXvFJkHF</City>
        <City>tVrKcniK</City>
        <City>FKFGdorx</City>
        <City>QgTHSqVe</City>
        <City>fVqilEYT</City>
        <City>mMrtfOve</City>
        <City>FAROWtYv</City>
        <City>lOzzPTbq</City>
      </Cities>
    </Dealer>
  </Car>
  <Car Manufacturer="VtmTPdt" Model="SLwiEnMPbsGwbtzEkkNH" Year="2014" Price="98007.00">
    <TransmissionType>manual</TransmissionType>
    <Dealer Name="evQEIaOOem">
      <Cities>
        <City>OPKZMOqK</City>
        <City>TvSjPvTF</City>
        <City>vElNRYqn</City>
        <City>iYFhupBr</City>
        <City>sgKPhxwF</City>
        <City>ntYvegwL</City>
        <City>HEqoIJPx</City>
        <City>ZXvFJkHF</City>
        <City>tVrKcniK</City>
        <City>FKFGdorx</City>
        <City>QgTHSqVe</City>
        <City>fVqilEYT</City>
        <City>mMrtfOve</City>
        <City>FAROWtYv</City>
        <City>lOzzPTbq</City>
      </Cities>
    </Dealer>
  </Car>
  <Car Manufacturer="xjFLdMt" Model="ktluiAPOfKckPtWKDhgh" Year="2014" Price="90553.00">
    <TransmissionType>manual</TransmissionType>
    <Dealer Name="kOMOEHMjOD">
      <Cities>
        <City>OPKZMOqK</City>
        <City>TvSjPvTF</City>
        <City>vElNRYqn</City>
        <City>iYFhupBr</City>
        <City>sgKPhxwF</City>
        <City>ntYvegwL</City>
        <City>HEqoIJPx</City>
        <City>ZXvFJkHF</City>
        <City>tVrKcniK</City>
        <City>FKFGdorx</City>
        <City>QgTHSqVe</City>
        <City>fVqilEYT</City>
        <City>mMrtfOve</City>
        <City>FAROWtYv</City>
        <City>lOzzPTbq</City>
      </Cities>
    </Dealer>
  </Car>
  <Car Manufacturer="kMMQToM" Model="dFwgqTLcZfMbWFyAudob" Year="2014" Price="98686.00">
    <TransmissionType>manual</TransmissionType>
    <Dealer Name="XjwcFxwGvM">
      <Cities>
        <City>OPKZMOqK</City>
        <City>TvSjPvTF</City>
        <City>vElNRYqn</City>
        <City>iYFhupBr</City>
        <City>sgKPhxwF</City>
        <City>ntYvegwL</City>
        <City>HEqoIJPx</City>
        <City>ZXvFJkHF</City>
        <City>tVrKcniK</City>
        <City>FKFGdorx</City>
        <City>QgTHSqVe</City>
        <City>fVqilEYT</City>
        <City>mMrtfOve</City>
        <City>FAROWtYv</City>
        <City>lOzzPTbq</City>
      </Cities>
    </Dealer>
  </Car>
  <Car Manufacturer="xjFLdMt" Model="HLLuXVELvNFYGnUjozly" Year="2014" Price="95393.00">
    <TransmissionType>manual</TransmissionType>
    <Dealer Name="evQEIaOOem">
      <Cities>
        <City>OPKZMOqK</City>
        <City>TvSjPvTF</City>
        <City>vElNRYqn</City>
        <City>iYFhupBr</City>
        <City>sgKPhxwF</City>
        <City>ntYvegwL</City>
        <City>HEqoIJPx</City>
        <City>ZXvFJkHF</City>
        <City>tVrKcniK</City>
        <City>FKFGdorx</City>
        <City>QgTHSqVe</City>
        <City>fVqilEYT</City>
        <City>mMrtfOve</City>
        <City>FAROWtYv</City>
        <City>lOzzPTbq</City>
      </Cities>
    </Dealer>
  </Car>
  <Car Manufacturer="jGlwWbe" Model="PWTCvnRPYBeQnVilCtXc" Year="2014" Price="92719.00">
    <TransmissionType>manual</TransmissionType>
    <Dealer Name="IIwZEZReus">
      <Cities>
        <City>OPKZMOqK</City>
        <City>TvSjPvTF</City>
        <City>vElNRYqn</City>
        <City>iYFhupBr</City>
        <City>sgKPhxwF</City>
        <City>ntYvegwL</City>
        <City>HEqoIJPx</City>
        <City>ZXvFJkHF</City>
        <City>tVrKcniK</City>
        <City>FKFGdorx</City>
        <City>QgTHSqVe</City>
        <City>fVqilEYT</City>
        <City>mMrtfOve</City>
        <City>FAROWtYv</City>
        <City>lOzzPTbq</City>
      </Cities>
    </Dealer>
  </Car>
  <Car Manufacturer="YMvBcES" Model="WNvCLdDiZYnyduhqdotc" Year="2014" Price="98993.00">
    <TransmissionType>manual</TransmissionType>
    <Dealer Name="RxYkDxpDDw">
      <Cities>
        <City>OPKZMOqK</City>
        <City>TvSjPvTF</City>
        <City>vElNRYqn</City>
        <City>iYFhupBr</City>
        <City>sgKPhxwF</City>
        <City>ntYvegwL</City>
        <City>HEqoIJPx</City>
        <City>ZXvFJkHF</City>
        <City>tVrKcniK</City>
        <City>FKFGdorx</City>
        <City>QgTHSqVe</City>
        <City>fVqilEYT</City>
        <City>mMrtfOve</City>
        <City>FAROWtYv</City>
        <City>lOzzPTbq</City>
      </Cities>
    </Dealer>
  </Car>
  <Car Manufacturer="gtOPZto" Model="WlpwBpNTXRocnTxgSzaj" Year="2014" Price="90337.00">
    <TransmissionType>manual</TransmissionType>
    <Dealer Name="aVhMNylErc">
      <Cities>
        <City>OPKZMOqK</City>
        <City>TvSjPvTF</City>
        <City>vElNRYqn</City>
        <City>iYFhupBr</City>
        <City>sgKPhxwF</City>
        <City>ntYvegwL</City>
        <City>HEqoIJPx</City>
        <City>ZXvFJkHF</City>
        <City>tVrKcniK</City>
        <City>FKFGdorx</City>
        <City>QgTHSqVe</City>
        <City>fVqilEYT</City>
        <City>mMrtfOve</City>
        <City>FAROWtYv</City>
        <City>lOzzPTbq</City>
      </Cities>
    </Dealer>
  </Car>
  <Car Manufacturer="fiWURFS" Model="cqOvphyOXfyLkDwfsXFp" Year="2014" Price="95869.00">
    <TransmissionType>manual</TransmissionType>
    <Dealer Name="qzegElxbOE">
      <Cities>
        <City>OPKZMOqK</City>
        <City>TvSjPvTF</City>
        <City>vElNRYqn</City>
        <City>iYFhupBr</City>
        <City>sgKPhxwF</City>
        <City>ntYvegwL</City>
        <City>HEqoIJPx</City>
        <City>ZXvFJkHF</City>
        <City>tVrKcniK</City>
        <City>FKFGdorx</City>
        <City>QgTHSqVe</City>
        <City>fVqilEYT</City>
        <City>mMrtfOve</City>
        <City>FAROWtYv</City>
        <City>lOzzPTbq</City>
      </Cities>
    </Dealer>
  </Car>
  <Car Manufacturer="fiWURFS" Model="OUadQNzisLpYkgkhQpjF" Year="2014" Price="98263.00">
    <TransmissionType>manual</TransmissionType>
    <Dealer Name="evQEIaOOem">
      <Cities>
        <City>OPKZMOqK</City>
        <City>TvSjPvTF</City>
        <City>vElNRYqn</City>
        <City>iYFhupBr</City>
        <City>sgKPhxwF</City>
        <City>ntYvegwL</City>
        <City>HEqoIJPx</City>
        <City>ZXvFJkHF</City>
        <City>tVrKcniK</City>
        <City>FKFGdorx</City>
        <City>QgTHSqVe</City>
        <City>fVqilEYT</City>
        <City>mMrtfOve</City>
        <City>FAROWtYv</City>
        <City>lOzzPTbq</City>
      </Cities>
    </Dealer>
  </Car>
  <Car Manufacturer="kMMQToM" Model="nuXONdlIWRwlBItNIGPa" Year="2014" Price="98853.00">
    <TransmissionType>automatic</TransmissionType>
    <Dealer Name="kOMOEHMjOD">
      <Cities>
        <City>OPKZMOqK</City>
        <City>TvSjPvTF</City>
        <City>vElNRYqn</City>
        <City>iYFhupBr</City>
        <City>sgKPhxwF</City>
        <City>ntYvegwL</City>
        <City>HEqoIJPx</City>
        <City>ZXvFJkHF</City>
        <City>tVrKcniK</City>
        <City>FKFGdorx</City>
        <City>QgTHSqVe</City>
        <City>fVqilEYT</City>
        <City>mMrtfOve</City>
        <City>FAROWtYv</City>
        <City>lOzzPTbq</City>
      </Cities>
    </Dealer>
  </Car>
  <Car Manufacturer="VtmTPdt" Model="ypnbwMFdbqUToladeQcI" Year="2014" Price="98001.00">
    <TransmissionType>manual</TransmissionType>
    <Dealer Name="CBbyeIhKql">
      <Cities>
        <City>OPKZMOqK</City>
        <City>TvSjPvTF</City>
        <City>vElNRYqn</City>
        <City>iYFhupBr</City>
        <City>sgKPhxwF</City>
        <City>ntYvegwL</City>
        <City>HEqoIJPx</City>
        <City>ZXvFJkHF</City>
        <City>tVrKcniK</City>
        <City>FKFGdorx</City>
        <City>QgTHSqVe</City>
        <City>fVqilEYT</City>
        <City>mMrtfOve</City>
        <City>FAROWtYv</City>
        <City>lOzzPTbq</City>
      </Cities>
    </Dealer>
  </Car>
  <Car Manufacturer="CwmHFgJ" Model="dASVCtkuxzKLQRfRdvgn" Year="2014" Price="97015.00">
    <TransmissionType>manual</TransmissionType>
    <Dealer Name="sXGaacxxJP">
      <Cities>
        <City>OPKZMOqK</City>
        <City>TvSjPvTF</City>
        <City>vElNRYqn</City>
        <City>iYFhupBr</City>
        <City>sgKPhxwF</City>
        <City>ntYvegwL</City>
        <City>HEqoIJPx</City>
        <City>ZXvFJkHF</City>
        <City>tVrKcniK</City>
        <City>FKFGdorx</City>
        <City>QgTHSqVe</City>
        <City>fVqilEYT</City>
        <City>mMrtfOve</City>
        <City>FAROWtYv</City>
        <City>lOzzPTbq</City>
      </Cities>
    </Dealer>
  </Car>
  <Car Manufacturer="PMtFAEz" Model="PgGfvOMYgOdTtubdsFmZ" Year="2014" Price="99835.00">
    <TransmissionType>manual</TransmissionType>
    <Dealer Name="IIwZEZReus">
      <Cities>
        <City>OPKZMOqK</City>
        <City>TvSjPvTF</City>
        <City>vElNRYqn</City>
        <City>iYFhupBr</City>
        <City>sgKPhxwF</City>
        <City>ntYvegwL</City>
        <City>HEqoIJPx</City>
        <City>ZXvFJkHF</City>
        <City>tVrKcniK</City>
        <City>FKFGdorx</City>
        <City>QgTHSqVe</City>
        <City>fVqilEYT</City>
        <City>mMrtfOve</City>
        <City>FAROWtYv</City>
        <City>lOzzPTbq</City>
      </Cities>
    </Dealer>
  </Car>
  <Car Manufacturer="kMMQToM" Model="uEMuSdjFKJQZtWMuvwxa" Year="2014" Price="98531.00">
    <TransmissionType>manual</TransmissionType>
    <Dealer Name="LGQggviZXd">
      <Cities>
        <City>OPKZMOqK</City>
        <City>TvSjPvTF</City>
        <City>vElNRYqn</City>
        <City>iYFhupBr</City>
        <City>sgKPhxwF</City>
        <City>ntYvegwL</City>
        <City>HEqoIJPx</City>
        <City>ZXvFJkHF</City>
        <City>tVrKcniK</City>
        <City>FKFGdorx</City>
        <City>QgTHSqVe</City>
        <City>fVqilEYT</City>
        <City>mMrtfOve</City>
        <City>FAROWtYv</City>
        <City>lOzzPTbq</City>
      </Cities>
    </Dealer>
  </Car>
</Cars>