﻿<?xml version="1.0"?>
<?xml-stylesheet type="text/xsl" href="students.xsl"?>
<students:students name="myStudents"
  xmlns:students="urn:students"
  xmlns:xsi="http://www.w3.org/2001/XMLSchema-instance"
  xsi:schemaLocation="/">
  <students:student>
    <name>Radka</name>
    <sex>feMale</sex>
    <birth_date>24.12.1992</birth_date>
    <phone>0888-666-333</phone>
    <email>radka@abv.bg</email>
    <course>QA</course>
    <specialty>QA</specialty>
    <faculty_number>1314</faculty_number>
    <exams:exams
      xmlns:exams="urn:exams">
      <exam>
        <name>
          Maths
        </name>
        <tutor>
          Gogata
        </tutor>
        <score>
          6
        </score>
      </exam>
      <exam>
        <name>
          Geography
        </name>
        <tutor>
          Pesho
        </tutor>
        <score>
          6
        </score>
      </exam>
    </exams:exams>
  </students:student>
</students:students>