<?xml version="1.0"?>
<?xml-stylesheet type="text/xsl" href="students.xsl"?>
<students:students
  xmlns:students="urn:students"
  xmlns:xsi="http://www.w3.org/2001/XMLSchema-instance" 
  xsi:schemaLocation="urn:students students.xsd">
  
  <students:student>
    <name>Gosho</name>
    <sex>Male</sex>
    <birth_date>20.12.1992</birth_date>
    <phone>0888-333-333</phone>
    <email>gosho@abv.bg</email>
    <course>C#</course>
    <specialty>Developer</specialty>
    <faculty_number>1321</faculty_number>
    <exams:exams
      xmlns:exams="urn:exams">
      <exams:exam>
        <name>
          Maths
        </name>
        <tutor>
          Gogata
        </tutor>
        <score>
          4
        </score>
      </exams:exam>
      <exams:exam>
        <name>
          Geography
        </name>
        <tutor>
          Pesho
        </tutor>
        <score>
          5
        </score>
      </exams:exam>
    </exams:exams>
  </students:student>
  <students:student>
    <name>Pehata</name>
    <sex>Male</sex>
    <birth_date>20.18.1998</birth_date>
    <phone>0888-555-555</phone>
    <email>pehata@abv.bg</email>
    <course>JS</course>
    <specialty>Developer</specialty>
    <faculty_number>1322</faculty_number>
    <exams:exams
      xmlns:exams="urn:exams"
      xsi:schemaLocation="urn:exams students.xsd">
      <exams:exam>
        <name>
          Maths
        </name>
        <tutor>
          Gogata
        </tutor>
        <score>
          4
        </score>
      </exams:exam>
      <exams:exam>
        <name>
          Geography
        </name>
        <tutor>
          Pesho
        </tutor>
        <score>
          5
        </score>
      </exams:exam>
    </exams:exams>
  </students:student>
</students:students>