{
  "items": [
    {
      "id": "6d4d72d9-becc-42c6-92b5-85507e8a5607",
      "name": "Doncho"
    },
    {
      "id": "0831a22a-495f-4136-b115-48fee1f2fc95",
      "name": "Geri"
    },
    {
      "id": "63694362-afec-47df-b64b-6b804b731ca1",
      "name": "Cookie"
    },
    {
      "id": "0dd28113-7de0-4adb-bcb8-345a4cc055aa",
      "name": "Al"
    },
    {
      "id": "9e3dba2d-a852-4f41-8f4b-fc7d769fee3c",
      "name": "Niki"
    },
    {
      "id": "1735546e-bb54-401b-ba0b-673758c16574",
      "name": "Ivo"
    },
    {
      "id": "b3008cc6-7095-45ac-8718-421c05538ee0",
      "name": "Ogi"
    },
    {
      "id": "878dc49f-e8f6-4993-b8f5-2d5fcefc7bf1",
      "name": "Tsuki"
    }
  ]
}