<?xml version="1.0" encoding="utf-8" ?>
<expenses-by-month>
  <vendor name="Nestle Sofia Corp.">
    <expenses month="Jul-2013">30.00</expenses>
    <expenses month="Aug-2013">40.00</expenses>
  </vendor>
  <vendor name="Targovishte Bottling Company Ltd.">
    <expenses month="Jul-2013">200.00</expenses>
    <expenses month="Aug-2013">180.00</expenses>
  </vendor>
  <vendor name="Zagorka Corp.">
    <expenses month="Jul-2013">120.00</expenses>
    <expenses month="Aug-2013">180.00</expenses>
  </vendor>
</expenses-by-month>
