﻿<?xml version="1.0" encoding="utf-8"?>
<HelpKI>
  <HelpKINode Title="Account class">
    <HelpKINode Title="Account Class" Url="html/63dcd0dd-2b51-fff4-75b4-bd122a45ad69.htm" />
    <HelpKINode Title="about Account class" Url="html/63dcd0dd-2b51-fff4-75b4-bd122a45ad69.htm" />
    <HelpKINode Title="constructor" Url="html/97376fb4-e665-0129-2d22-15901b7ccf97.htm" />
    <HelpKINode Title="methods" Url="html/81975a57-8cd4-f930-fb92-cbb1cc0664da.htm" />
    <HelpKINode Title="properties" Url="html/730bb2ec-d2f5-fd6a-8cda-46c4061d935e.htm" />
  </HelpKINode>
  <HelpKINode Title="Account.Account constructor" Url="html/97376fb4-e665-0129-2d22-15901b7ccf97.htm" />
  <HelpKINode Title="Account.Balance property" Url="html/55ddeea5-9fb5-74a9-0656-7478c55d1f8f.htm" />
  <HelpKINode Title="Account.CalculateInterestAmount method" Url="html/22cea929-6494-bdae-fda9-7be4f37f3974.htm" />
  <HelpKINode Title="Account.CustomerName property" Url="html/c72d4e64-46fa-403b-319b-63fc650234da.htm" />
  <HelpKINode Title="Account.Deposit method" Url="html/db4ae637-bc21-ae5a-979e-3c84bd3e49c2.htm" />
  <HelpKINode Title="Account.InterestRate property" Url="html/d7ee6327-f36f-075f-cbd2-f864476f5775.htm" />
  <HelpKINode Title="Account.Months property" Url="html/5522568f-5f24-6cd4-3457-ffaed64be774.htm" />
  <HelpKINode Title="Account.ToString method" Url="html/8c2fc712-83c7-b867-8ce5-672e4d9a2a31.htm" />
  <HelpKINode Title="Balance property" Url="html/55ddeea5-9fb5-74a9-0656-7478c55d1f8f.htm" />
  <HelpKINode Title="Bank class">
    <HelpKINode Title="Bank Class" Url="html/4d802e46-69a4-bcd8-5371-3d54e76f9c6e.htm" />
    <HelpKINode Title="about Bank class" Url="html/4d802e46-69a4-bcd8-5371-3d54e76f9c6e.htm" />
    <HelpKINode Title="constructor" Url="html/0e4e053e-1fd7-9275-0029-a6af4a0d6182.htm" />
    <HelpKINode Title="methods" Url="html/0fcfa886-776e-6b43-581f-cadb9b99c4b2.htm" />
    <HelpKINode Title="properties" Url="html/be05ecf6-55a0-db67-dc98-d3cf271cc5c8.htm" />
  </HelpKINode>
  <HelpKINode Title="Bank.Bank constructor" Url="html/0e4e053e-1fd7-9275-0029-a6af4a0d6182.htm" />
  <HelpKINode Title="Bank.DepositAccounts property" Url="html/2774e174-1595-c4bc-faa9-64671a301599.htm" />
  <HelpKINode Title="Bank.LoanAccounts property" Url="html/d0bf89cb-04df-e255-a95b-04e717001b10.htm" />
  <HelpKINode Title="Bank.MortgageAccounts property" Url="html/c691825c-8833-cafe-6349-44cbbc2bd447.htm" />
  <HelpKINode Title="Bank.Name property" Url="html/3bc3ba42-5d36-68e6-3b42-ee7050d9d4a5.htm" />
  <HelpKINode Title="CalculateInterestAmount method">
    <HelpKINode Title="Account.CalculateInterestAmount Method " Url="html/22cea929-6494-bdae-fda9-7be4f37f3974.htm" />
    <HelpKINode Title="DepositAccount.CalculateInterestAmount Method " Url="html/662448fe-ea43-2c9d-26bc-35b0eff445a6.htm" />
    <HelpKINode Title="LoanAccount.CalculateInterestAmount Method " Url="html/bb3f9619-5b7b-d07f-79db-98522b649f44.htm" />
    <HelpKINode Title="MortgageAccount.CalculateInterestAmount Method " Url="html/93d9c50a-451c-d4ee-b8e0-2c226b6d0244.htm" />
  </HelpKINode>
  <HelpKINode Title="Company class">
    <HelpKINode Title="Company Class" Url="html/9a9d3016-0688-a6e0-5179-d380b75e5084.htm" />
    <HelpKINode Title="about Company class" Url="html/9a9d3016-0688-a6e0-5179-d380b75e5084.htm" />
    <HelpKINode Title="constructor" Url="html/faf7bd4a-849c-61e0-03d4-73b81fcf32a7.htm" />
    <HelpKINode Title="methods" Url="html/3efb7e55-2baf-2aca-bcb6-dd4400fd70f6.htm" />
    <HelpKINode Title="properties" Url="html/54b968eb-93db-70aa-8b40-34400e0bee03.htm" />
  </HelpKINode>
  <HelpKINode Title="Company.Company constructor" Url="html/faf7bd4a-849c-61e0-03d4-73b81fcf32a7.htm" />
  <HelpKINode Title="Customer class">
    <HelpKINode Title="Customer Class" Url="html/b6fdac25-093a-6b9f-4dae-24b55913b84e.htm" />
    <HelpKINode Title="about Customer class" Url="html/b6fdac25-093a-6b9f-4dae-24b55913b84e.htm" />
    <HelpKINode Title="constructor" Url="html/7c186f6b-87ab-05a2-7eaa-294ba55e5852.htm" />
    <HelpKINode Title="methods" Url="html/67ea1770-976a-91e1-7803-38f6cb87b8ab.htm" />
    <HelpKINode Title="properties" Url="html/fa17c803-38bb-053e-6891-a0f96c843db6.htm" />
  </HelpKINode>
  <HelpKINode Title="Customer.Customer constructor" Url="html/7c186f6b-87ab-05a2-7eaa-294ba55e5852.htm" />
  <HelpKINode Title="Customer.Name property" Url="html/fe695747-1d57-584a-dbe5-a07d07d72a31.htm" />
  <HelpKINode Title="CustomerName property" Url="html/c72d4e64-46fa-403b-319b-63fc650234da.htm" />
  <HelpKINode Title="Deposit method" Url="html/db4ae637-bc21-ae5a-979e-3c84bd3e49c2.htm" />
  <HelpKINode Title="DepositAccount class">
    <HelpKINode Title="DepositAccount Class" Url="html/77df88f1-92de-d9b7-06e6-2d647f574ba9.htm" />
    <HelpKINode Title="about DepositAccount class" Url="html/77df88f1-92de-d9b7-06e6-2d647f574ba9.htm" />
    <HelpKINode Title="constructor" Url="html/fa1ba7ea-c5a8-8764-c43e-fec51970fe60.htm" />
    <HelpKINode Title="methods" Url="html/a4bd3970-5112-12af-7d36-950e13800f7b.htm" />
    <HelpKINode Title="properties" Url="html/02002760-7ee8-c643-780b-e834ce66ab8b.htm" />
  </HelpKINode>
  <HelpKINode Title="DepositAccount.CalculateInterestAmount method" Url="html/662448fe-ea43-2c9d-26bc-35b0eff445a6.htm" />
  <HelpKINode Title="DepositAccount.DepositAccount constructor" Url="html/fa1ba7ea-c5a8-8764-c43e-fec51970fe60.htm" />
  <HelpKINode Title="DepositAccount.WithDraw method" Url="html/910c9ed9-565e-6b8e-d77f-3e6299ff619c.htm" />
  <HelpKINode Title="DepositAccounts property" Url="html/2774e174-1595-c4bc-faa9-64671a301599.htm" />
  <HelpKINode Title="Individual class">
    <HelpKINode Title="Individual Class" Url="html/1f1ae83b-0675-24b4-b365-aead2b3f1ab2.htm" />
    <HelpKINode Title="about Individual class" Url="html/1f1ae83b-0675-24b4-b365-aead2b3f1ab2.htm" />
    <HelpKINode Title="constructor" Url="html/7bb46ed3-ef5e-7272-ae8c-d76a6df44fd3.htm" />
    <HelpKINode Title="methods" Url="html/ee498507-596f-de69-6d9b-8cb88bf0b46d.htm" />
    <HelpKINode Title="properties" Url="html/812fd2ec-8d06-6f5f-fe55-c40985b5d72a.htm" />
  </HelpKINode>
  <HelpKINode Title="Individual.Individual constructor" Url="html/7bb46ed3-ef5e-7272-ae8c-d76a6df44fd3.htm" />
  <HelpKINode Title="InterestRate property" Url="html/d7ee6327-f36f-075f-cbd2-f864476f5775.htm" />
  <HelpKINode Title="LoanAccount class">
    <HelpKINode Title="LoanAccount Class" Url="html/ac0c8cdf-feb3-0cc0-33c5-434d38e51c27.htm" />
    <HelpKINode Title="about LoanAccount class" Url="html/ac0c8cdf-feb3-0cc0-33c5-434d38e51c27.htm" />
    <HelpKINode Title="constructor" Url="html/8af43cd9-ceb4-7a99-d5a0-4d8ea5b35d28.htm" />
    <HelpKINode Title="methods" Url="html/6d75b1ac-1780-5b9f-8e19-ad12b703f1a5.htm" />
    <HelpKINode Title="properties" Url="html/090f0195-9189-43b4-af3f-3d1317318a80.htm" />
  </HelpKINode>
  <HelpKINode Title="LoanAccount.CalculateInterestAmount method" Url="html/bb3f9619-5b7b-d07f-79db-98522b649f44.htm" />
  <HelpKINode Title="LoanAccount.LoanAccount constructor" Url="html/8af43cd9-ceb4-7a99-d5a0-4d8ea5b35d28.htm" />
  <HelpKINode Title="LoanAccounts property" Url="html/d0bf89cb-04df-e255-a95b-04e717001b10.htm" />
  <HelpKINode Title="Months property" Url="html/5522568f-5f24-6cd4-3457-ffaed64be774.htm" />
  <HelpKINode Title="MortgageAccount class">
    <HelpKINode Title="MortgageAccount Class" Url="html/000f0ec6-6f94-f2a4-6d93-3ec34f119eac.htm" />
    <HelpKINode Title="about MortgageAccount class" Url="html/000f0ec6-6f94-f2a4-6d93-3ec34f119eac.htm" />
    <HelpKINode Title="constructor" Url="html/7de322dc-e8f5-1198-8e86-b30bc7e2344b.htm" />
    <HelpKINode Title="methods" Url="html/b22e6d1e-2bc3-de25-39e8-2425d84b8f68.htm" />
    <HelpKINode Title="properties" Url="html/b159afb4-762a-908e-4202-7430184bae2f.htm" />
  </HelpKINode>
  <HelpKINode Title="MortgageAccount.CalculateInterestAmount method" Url="html/93d9c50a-451c-d4ee-b8e0-2c226b6d0244.htm" />
  <HelpKINode Title="MortgageAccount.MortgageAccount constructor" Url="html/7de322dc-e8f5-1198-8e86-b30bc7e2344b.htm" />
  <HelpKINode Title="MortgageAccounts property" Url="html/c691825c-8833-cafe-6349-44cbbc2bd447.htm" />
  <HelpKINode Title="Name property">
    <HelpKINode Title="Bank.Name Property " Url="html/3bc3ba42-5d36-68e6-3b42-ee7050d9d4a5.htm" />
    <HelpKINode Title="Customer.Name Property " Url="html/fe695747-1d57-584a-dbe5-a07d07d72a31.htm" />
  </HelpKINode>
  <HelpKINode Title="ToString method" Url="html/8c2fc712-83c7-b867-8ce5-672e4d9a2a31.htm" />
  <HelpKINode Title="WithDraw method" Url="html/910c9ed9-565e-6b8e-d77f-3e6299ff619c.htm" />
  <HelpKINode Title="_02.BankAccounts namespace" Url="html/696d0137-9d1b-b7b5-85be-08c883492797.htm" />
  <HelpKINode Title="_02.BankAccounts.Account class" Url="html/63dcd0dd-2b51-fff4-75b4-bd122a45ad69.htm" />
  <HelpKINode Title="_02.BankAccounts.Bank class" Url="html/4d802e46-69a4-bcd8-5371-3d54e76f9c6e.htm" />
  <HelpKINode Title="_02.BankAccounts.Company class" Url="html/9a9d3016-0688-a6e0-5179-d380b75e5084.htm" />
  <HelpKINode Title="_02.BankAccounts.Customer class" Url="html/b6fdac25-093a-6b9f-4dae-24b55913b84e.htm" />
  <HelpKINode Title="_02.BankAccounts.DepositAccount class" Url="html/77df88f1-92de-d9b7-06e6-2d647f574ba9.htm" />
  <HelpKINode Title="_02.BankAccounts.Individual class" Url="html/1f1ae83b-0675-24b4-b365-aead2b3f1ab2.htm" />
  <HelpKINode Title="_02.BankAccounts.LoanAccount class" Url="html/ac0c8cdf-feb3-0cc0-33c5-434d38e51c27.htm" />
  <HelpKINode Title="_02.BankAccounts.MortgageAccount class" Url="html/000f0ec6-6f94-f2a4-6d93-3ec34f119eac.htm" />
</HelpKI>
