﻿<?xml version="1.0" encoding="utf-8"?><HelpTOCNode Title="_02.BankAccounts" Url="html/696d0137-9d1b-b7b5-85be-08c883492797.htm"><HelpTOCNode Title="Account Class" Url="html/63dcd0dd-2b51-fff4-75b4-bd122a45ad69.htm" HasChildren="true" /><HelpTOCNode Title="Bank Class" Url="html/4d802e46-69a4-bcd8-5371-3d54e76f9c6e.htm" HasChildren="true" /><HelpTOCNode Title="Company Class" Url="html/9a9d3016-0688-a6e0-5179-d380b75e5084.htm" HasChildren="true" /><HelpTOCNode Title="Customer Class" Url="html/b6fdac25-093a-6b9f-4dae-24b55913b84e.htm" HasChildren="true" /><HelpTOCNode Title="DepositAccount Class" Url="html/77df88f1-92de-d9b7-06e6-2d647f574ba9.htm" HasChildren="true" /><HelpTOCNode Title="Individual Class" Url="html/1f1ae83b-0675-24b4-b365-aead2b3f1ab2.htm" HasChildren="true" /><HelpTOCNode Title="LoanAccount Class" Url="html/ac0c8cdf-feb3-0cc0-33c5-434d38e51c27.htm" HasChildren="true" /><HelpTOCNode Title="MortgageAccount Class" Url="html/000f0ec6-6f94-f2a4-6d93-3ec34f119eac.htm" HasChildren="true" /></HelpTOCNode>